{
  "intents": [
    {
      "intent": "PracticeIntent",
      "slots": [
        {
          "name": "speechName",
          "type": "speechType"
        }
      ]
    },
    {
      "intent": "EnumerateIntent"
    },
    {
      "intent": "AuthorEnumerateIntent"
    },
    {
      "intent": "AuthorIntent",
      "slots": [
        {
          "name": "authorName",
          "type": "authorType"
        }
      ]
    },
    {
      "intent": "SpeakIntent",
      "slots": [
        {
          "name": "freeFormSpeech",
          "type": "freeFormType"
        }
      ]
    },
    {
      "intent": "AMAZON.StartOverIntent"
    },
    {
      "intent": "AMAZON.RepeatIntent"
    },
    {
      "intent": "AMAZON.HelpIntent"
    },
    {
      "intent": "AMAZON.StopIntent"
    },
    {
      "intent": "AMAZON.CancelIntent"
    },
    {
      "intent": "AMAZON.YesIntent"
    },
    {
      "intent": "AMAZON.NoIntent"
    }
  ]
}